idx,area,major_axis,minor_axis,eccentricity,solidity
1,354334,671.9959106445312,671.3602905273438,0.04348382898186279,0.9973555584613055
